{"cameraMode":{"drawMode":0,"name":"Shaded","section":"Shading Mode"},"sceneLighting":true,"audioPlay":false,"sceneViewState":{"showFog":true,"showMaterialUpdate":false,"showSkybox":true,"showFlares":true,"showImageEffects":true,"showParticleSystems":true},"in2DMode":false,"pivot":{"x":-0.06490802764892578,"y":1.104780673980713,"z":-0.5848464965820313},"rotation":{"x":-0.06161494180560112,"y":0.9177725315093994,"z":-0.1573622077703476,"w":-0.35935261845588686},"size":8.317895889282227,"orthographic":false}